x;ALLG-72;AMERICAN EXPERIENCE;AT2000 (Suavizada 10%)_FEM;AT2000 (Suavizada 10%)_MAS;AT-2000 FEMALE;AT-2000 MALE;AT-49 FEMALE;AT-49 MALE;AT-50;AT-55;AT-71;AT-83 FEMALE (Basic);AT-83 FEMALE (IAM);AT-83 MALE (Basic);AT-83 MALE (IAM);BR-EMSmt-v.2010-f;BR-EMSmt-v.2010-m;BR-EMSsb-v.2010-f;BR-EMSsb-v.2010-m;BR-EMSmt-v.2015-f;BR-EMSmt-v.2015-m;BR-EMSsb-v.2015-f;BR-EMSsb-v.2015-m;BR-EMSmt-v.2021-f;BR-EMSmt-v.2021-m;BR-EMSsb-v.2021-f;BR-EMSsb-v.2021-m;CSG-60;CSO-41;CSO-58;CSO58 - FEM - AGE LAST;CSO58 - FEM - AGE NEAREST;CSO58 - MAS - AGE LAST;CSO58 - MAS - AGE NEAREST;CSO58 FEMALE;CSO58 MALE;CSO80;EB7-75;GAM-71 FEMALE;GAM-71 MALE;GAM-83 - FEMALE (suav 10%);GAM83_BASICA - FEMALE;GAM83_BASICA - MASC;GAM-83 - MASC (suav 10%);GAM-94 FEMALE;GAM-94MALE;IBGE 2006              Ambos os Sexos;IBGE 2007                 Ambos os Sexos;IBGE 2008                 Ambos os Sexos;IBGE 2009                 Ambos os Sexos
0; ;0,154700;0,001615;0,002080;0,001794;0,002311;0,003210;0,004040;; ; ;;0,001835;;0,002690;0,001280;0,002740;0,000380;0,002000;0,0004151;0,0003911;0,0003438;0,0003372;0,0003545;0,0003708;0,0002926;0,0003527;0,008320;0,022580;0,007080;0,003942;0,006200;0,004430;0,007080;0,005480;0,006330;0,004180;;0,002219;0,003255;;;;;;;0,024891;0,024036;0,023295;0,022467
1; ;0,063490;0,000680;0,000815;0,000755;0,000906;0,001360;0,001580;; ; ;;0,000778;;0,001053;0,000460;0,000950;0,000380;0,000690;0,0001843;0,0002025;0,0001527;0,0001568;0,0002256;0,0002421;0,0001921;0,0002264;0,002070;0,005770;0,001760;0,001540;0,001670;0,001640;0,001760;0,000940;0,001000;0,001070;;0,000940;0,001274;;;;;0,000531;0,000592;0,002292;0,002182;0,002291;0,002152
2; ;0,035500;0,000353;0,000454;0,000392;0,000504;0,000703;0,000887;; ; ;;0,000402;;0,000591;0,000250;0,000480;0,000200;0,000350;0,0001048;0,0001350;0,0001159;0,0000941;0,0001953;0,0002129;0,0001546;0,0001963;0,001790;0,004140;0,001520;0,001380;0,001410;0,001490;0,001520;0,000670;0,000750;0,000990;;0,000486;0,000715;;;;;0,000346;0,000400;0,001255;0,001198;0,001188;0,001132
3; ;0,023910;0,000261;0,000367;0,000290;0,000408;0,000521;0,000715;; ; ;;0,000298;;0,000476;0,000160;0,000300;0,000130;0,000220;0,0000732;0,0001068;0,0000791;0,0000688;0,0001801;0,0001991;0,0001342;0,0001814;0,001720;0,003380;0,001460;0,001320;0,001350;0,001430;0,001460;0,000600;0,000680;0,000980;;0,000360;0,000576;;;;;0,000258;0,000332;0,000922;0,000880;0,000778;0,000750
4; ;0,017700;0,000209;0,000321;0,000232;0,000357;0,000419;0,000627;; ; ;;0,000240;;0,000417;0,000120;0,000220;0,000100;0,000160;0,00006;0,0000948;0,0000576;0,0000582;0,0001711;0,0001916;0,0001214;0,0001727;0,001650;0,002990;0,001400;0,001265;0,001290;0,001375;0,001400;0,000530;0,000610;0,000950;;0,000290;0,000505;;;;;0,000194;0,000259;0,000699;0,000659;0,000568;0,000552
5; ;0,013600;0,000171;0,000291;0,000189;0,000324;0,000339;0,000566;;0,000370;0,000460;0,000215;0,000194;0,000419;0,000377;0,000100;0,000180;0,000080;0,000130;0,0000551;0,0000906;0,0000494;0,0000543;0,0001655;0,0001877;0,0001132;0,0001674;0,001590;0,002760;0,001350;0,001215;0,001240;0,001325;0,001350;0,000470;0,000550;0,000900;;0,000234;0,000456;0,000171;0,000190;0,000380;0,000342;0,000175;0,000237;0,000479;0,000469;0,000442;0,000432
6; ;0,011370;0,000141;0,000270;0,000156;0,000301;0,000278;0,000526;;0,000380;0,000420;0,000178;0,000160;0,000389;0,000350;0,000090;0,000160;0,000070;0,000120;0,0000543;0,0000909;0,0000471;0,0000539;0,0001622;0,0001862;0,0001088;0,0001642;0,001530;0,002610;0,001300;0,001170;0,001190;0,001280;0,001300;0,000410;0,000490;0,000860;;0,000193;0,000424;0,000140;0,000156;0,000353;0,000318;0,000163;0,000227;0,000385;0,000372;0,000360;0,000354
7; ;0,009750;0,000118;0,000257;0,000131;0,000286;0,000234;0,000500;;0,000390;0,000400;0,000149;0,000134;0,000370;0,000333;0,000090;0,000150;0,000070;0,000110;0,0000558;0,0000938;0,0000475;0,0000555;0,0001608;0,0001867;0,0001090;0,0001629;0,001480;0,002470;0,001260;0,001135;0,001150;0,001245;0,001260;0,000360;0,000440;0,000800;;0,000162;0,000403;0,000118;0,000131;0,000336;0,000302;0,000153;0,000217;0,000314;0,000301;0,000306;0,000302
8; ;0,008630;0,000118;0,000294;0,000131;0,000328;0,000207;0,000487;;0,000400;0,000390;0,000149;0,000134;0,000391;0,000352;0,000090;0,000150;0,000080;0,000110;0,0000588;0,0000987;0,0000496;0,0000584;0,0001622;0,0001895;0,0001149;0,0001634;0,001450;0,002310;0,001230;0,001115;0,001120;0,001220;0,001230;0,000320;0,000400;0,000760;;0,000143;0,000392;0,000104;0,000116;0,000327;0,000294;0,000137;0,000201;0,000281;0,000269;0,000271;0,000268
9; ;0,007900;0,000121;0,000325;0,000134;0,000362;0,000193;0,000482;;0,000410;0,000390;0,000151;0,000136;0,000409;0,000368;0,000110;0,000160;0,000090;0,000120;0,0000627;0,0001052;0,0000526;0,0000624;0,0001676;0,0001961;0,0001271;0,0001663;0,001420;0,002120;0,001210;0,001110;0,001110;0,001210;0,001210;0,000300;0,000370;0,000740;;0,000134;0,000389;0,000097;0,000108;0,000324;0,000292;0,000130;0,000194;0,000273;0,000261;0,000251;0,000248
10; ;0,007490;0,000126;0,000350;0,000140;0,000390;0,000191;0,000483;0,000483;0,000420;0,000390;0,000156;0,000141;0,000424;0,000382;0,000140;0,000180;0,000120;0,000130;0,0000675;0,0001141;0,0000565;0,0000673;0,0001791;0,0002092;0,0001454;0,0001732;0,001420;0,001970;0,001210;0,001115;0,001110;0,001220;0,001210;0,000290;0,000360;0,000730;;0,000132;0,000390;0,000096;0,000107;0,000325;0,000293;0,000131;0,000197;0,000275;0,000262;0,000248;0,000244
11; ;0,007520;0,000133;0,000371;0,000148;0,000413;0,000208;0,000492;0,000492;0,000430;0,000400;0,000163;0,000147;0,000438;0,000394;0,000180;0,000210;0,000150;0,000150;0,000073;0,0001277;0,000061;0,0000738;0,0001980;0,0002326;0,0001685;0,0001862;0,001450;0,001910;0,001230;0,001130;0,001120;0,001245;0,001230;0,000290;0,000370;0,000770;;0,000143;0,000397;0,000104;0,000116;0,000331;0,000298;0,000138;0,000208;0,000283;0,000270;0,000265;0,000256
12; ;0,007540;0,000142;0,000388;0,000158;0,000431;0,000225;0,000502;0,000502;0,000441;0,000410;0,000172;0,000155;0,000450;0,000405;0,000220;0,000260;0,000180;0,000190;0,0000791;0,0001509;0,0000664;0,0000831;0,0002241;0,0002700;0,0001943;0,0002097;0,001480;0,001920;0,001260;0,001155;0,001140;0,001290;0,001260;0,000300;0,000390;0,000850;;0,000155;0,000405;0,000113;0,000126;0,000338;0,000304;0,000148;0,000226;0,000314;0,000307;0,000307;0,000292
13; ;0,007570;0,000152;0,000402;0,000170;0,000446;0,000242;0,000512;0,000512;0,000452;0,000410;0,000183;0,000165;0,000461;0,000415;0,000260;0,000330;0,000220;0,000240;0,0000862;0,0001911;0,0000731;0,0000971;0,0002555;0,0003236;0,0002210;0,0002487;0,001550;0,001980;0,001320;0,001190;0,001170;0,001355;0,001320;0,000320;0,000440;0,000990;;0,000167;0,000413;0,000122;0,000135;0,000344;0,000310;0,000164;0,000255;0,000430;0,000416;0,000387;0,000350
14;0,000650;0,007600;0,000164;0,000414;0,000183;0,000458;0,000260;0,000524;0,000524;0,000463;0,000420;0,000195;0,000175;0,000472;0,000425;0,000300;0,000420;0,000250;0,000310;0,000095;0,0002557;0,0000825;0,0001182;0,0002898;0,0003935;0,0002465;0,0003058;0,001630;0,002070;0,001390;0,001235;0,001210;0,001425;0,001390;0,000350;0,000500;0,001150;0,000871;0,000180;0,000422;0,000131;0,000146;0,000352;0,000317;0,000189;0,000297;0,000557;0,000538;0,000524;0,000489
15;0,000620;0,007630;0,000177;0,000425;0,000197;0,000470;0,000278;0,000537;0,000537;0,000475;0,000430;0,000209;0,000188;0,000483;0,000435;0,000330;0,000530;0,000270;0,000390;0,000108;0,0003486;0,0000968;0,0001487;0,0003238;0,0004764;0,0002694;0,0003793;0,001720;0,002150;0,001460;0,001290;0,001260;0,001500;0,001460;0,000390;0,000560;0,001330;0,001006;0,000193;0,000433;0,000140;0,000156;0,000361;0,000325;0,000216;0,000345;0,000781;0,000765;0,000743;0,000719
16;0,000850;0,007660;0,000190;0,000437;0,000212;0,000481;0,000296;0,000551;0,000551;0,000488;0,000440;0,000224;0,000201;0,000495;0,000446;0,000350;0,000650;0,000290;0,000480;0,0001299;0,0004682;0,000122;0,0001909;0,0003546;0,0005678;0,0002888;0,0004648;0,001810;0,002190;0,001540;0,001355;0,001320;0,001580;0,001540;0,000440;0,000630;0,001510;0,001150;0,000205;0,000444;0,000149;0,000166;0,000370;0,000333;0,000242;0,000391;0,000963;0,000936;0,000917;0,000891
17;0,001120;0,007690;0,000204;0,000449;0,000228;0,000495;0,000315;0,000567;0,000567;0,000502;0,000460;0,000239;0,000214;0,000508;0,000458;0,000370;0,000780;0,000300;0,000570;0,0001653;0,0006352;0,0001428;0,0002796;0,0003804;0,0006615;0,0003041;0,0005570;0,001900;0,002250;0,001620;0,001425;0,001390;0,001655;0,001620;0,000500;0,000700;0,001670;0,001268;0,000218;0,000457;0,000159;0,000177;0,000381;0,000343;0,000262;0,000430;0,001133;0,001102;0,001080;0,001051
18;0,001320;0,007730;0,000219;0,000463;0,000244;0,000510;0,000334;0,000584;0,000584;0,000517;0,000470;0,000255;0,000229;0,000523;0,000472;0,000370;0,000900;0,000310;0,000660;0,0002244;0,0008963;0,0001708;0,0003740;0,0004003;0,0007516;0,0003156;0,0006462;0,001990;0,002300;0,001690;0,001500;0,001460;0,001715;0,001690;0,000560;0,000760;0,001780;0,001314;0,000231;0,000471;0,000168;0,000187;0,000392;0,000353;0,000273;0,000460;0,001278;0,001244;0,001220;0,001188
19;0,001350;0,007770;0,000234;0,000480;0,000260;0,000528;0,000354;0,000603;0,000603;0,000534;0,000490;0,000271;0,000244;0,000540;0,000488;0,000370;0,001010;0,000300;0,000740;0,0002806;0,0010702;0,0002035;0,0004909;0,0004142;0,0008329;0,0003235;0,0007266;0,002030;0,002370;0,001740;0,001580;0,001540;0,001765;0,001740;0,000630;0,000800;0,001860;0,001325;0,000245;0,000486;0,000179;0,000199;0,000405;0,000365;0,000280;0,000484;0,001403;0,001365;0,001341;0,001304
20;0,001320;0,007800;0,000250;0,000499;0,000277;0,000549;0,000376;0,000624;0,000624;0,000553;0,000500;0,000288;0,000260;0,000559;0,000505;0,000370;0,001100;0,000300;0,000800;0,0003307;0,0011606;0,0002313;0,0006045;0,0004229;0,0009021;0,0003283;0,0007932;0,002090;0,002430;0,001790;0,001655;0,001620;0,001810;0,001790;0,000700;0,000840;0,001900;0,001336;0,000260;0,000503;0,000189;0,000210;0,000419;0,000377;0,000284;0,000507;0,001530;0,001489;0,001465;0,001423
21;0,001280;0,007860;0,000265;0,000519;0,000294;0,000573;0,000398;0,000648;0,000648;0,000574;0,000520;0,000306;0,000276;0,000581;0,000525;0,000360;0,001170;0,000300;0,000850;0,0003653;0,0011614;0,000252;0,0007069;0,0004275;0,0009570;0,0003309;0,0008437;0,002140;0,002510;0,001830;0,001715;0,001690;0,001845;0,001830;0,000760;0,000870;0,001910;0,001347;0,000275;0,000522;0,000201;0,000223;0,000435;0,000392;0,000286;0,000530;0,001657;0,001630;0,001588;0,001541
22;0,001120;0,007910;0,000281;0,000542;0,000312;0,000599;0,000421;0,000674;0,000674;0,000597;0,000540;0,000325;0,000293;0,000605;0,000546;0,000360;0,001220;0,000290;0,000890;0,0003893;0,0011614;0,0002726;0,0007623;0,0004295;0,0009976;0,0003319;0,0008765;0,002180;0,002590;0,001860;0,001765;0,001740;0,001875;0,001860;0,000800;0,000890;0,001890;0,001358;0,000292;0,000544;0,000212;0,000236;0,000453;0,000408;0,000289;0,000556;0,001756;0,001727;0,001682;0,001631
23;0,001170;0,007960;0,000298;0,000566;0,000330;0,000627;0,000446;0,000702;0,000702;0,000622;0,000570;0,000345;0,000311;0,000632;0,000570;0,000350;0,001250;0,000290;0,000920;0,0004;0,0011071;0,000287;0,0007817;0,0004303;0,0010249;0,0003320;0,0008922;0,002210;0,002680;0,001890;0,001810;0,001790;0,001900;0,001890;0,000840;0,000910;0,001860;0,001360;0,000309;0,000566;0,000225;0,000250;0,000471;0,000424;0,000292;0,000589;0,001817;0,001786;0,001738;0,001685
24;0,001140;0,008010;0,000314;0,000592;0,000349;0,000657;0,000473;0,000733;0,000733;0,000649;0,000590;0,000366;0,000330;0,000661;0,000596;0,000350;0,001270;0,000290;0,000930;0,000398;0,0010760;0,0002872;0,0007731;0,0004311;0,0010404;0,0003319;0,0008950;0,002240;0,002770;0,001910;0,001845;0,001830;0,001920;0,001910;0,000870;0,000920;0,001820;0,001371;0,000327;0,000591;0,000239;0,000265;0,000493;0,000444;0,000291;0,000624;0,001852;0,001818;0,001767;0,001712
25;0,001120;0,008060;0,000331;0,000616;0,000367;0,000686;0,000501;0,000768;0,000768;0,000679;0,000620;0,000388;0,000349;0,000692;0,000622;0,000350;0,001270;0,000290;0,000930;0,0003921;0,0010557;0,0002883;0,0007544;0,0004332;0,0010472;0,0003321;0,0008865;0,002260;0,002880;0,001930;0,001875;0,001860;0,001945;0,001930;0,000890;0,000930;0,001770;0,001382;0,000347;0,000619;0,000253;0,000281;0,000515;0,000464;0,000291;0,000661;0,001877;0,001840;0,001786;0,001729
26;0,001110;0,008130;0,000347;0,000639;0,000385;0,000714;0,000531;0,000806;0,000806;0,000712;0,000650;0,000410;0,000368;0,000724;0,000650;0,000360;0,001270;0,000290;0,000930;0,0003997;0,0010491;0,0002895;0,0007373;0,0004374;0,0010481;0,0003333;0,0008698;0,002280;0,002990;0,001960;0,001900;0,001890;0,001975;0,001960;0,000910;0,000950;0,001730;0,001402;0,000368;0,000650;0,000268;0,000298;0,000542;0,000488;0,000294;0,000696;0,001907;0,001868;0,001810;0,001752
27;0,001120;0,008200;0,000362;0,000659;0,000403;0,000738;0,000563;0,000849;0,000849;0,000749;0,000680;0,000431;0,000387;0,000756;0,000677;0,000370;0,001260;0,000300;0,000920;0,0004128;0,0010373;0,0002978;0,0007298;0,0004445;0,0010458;0,0003359;0,0008498;0,002300;0,003110;0,001990;0,001920;0,001910;0,002010;0,001990;0,000920;0,000970;0,001710;0,001413;0,000390;0,000684;0,000284;0,000315;0,000570;0,000513;0,000302;0,000727;0,001945;0,001914;0,001843;0,001783
28;0,001150;0,008260;0,000376;0,000675;0,000419;0,000758;0,000598;0,000896;0,000896;0,000791;0,000720;0,000452;0,000405;0,000788;0,000704;0,000390;0,001260;0,000320;0,000920;0,0004337;0,0010233;0,0003144;0,0007258;0,0004551;0,0010428;0,0003403;0,0008284;0,002330;0,003250;0,002030;0,001945;0,001930;0,002055;0,002030;0,000930;0,001000;0,001700;0,001452;0,000414;0,000722;0,000302;0,000335;0,000602;0,000542;0,000314;0,000754;0,001998;0,001960;0,001891;0,001830
29;0,001180;0,008340;0,000389;0,000687;0,000435;0,000774;0,000636;0,000947;0,000947;0,000839;0,000760;0,000473;0,000423;0,000819;0,000731;0,000410;0,001250;0,000330;0,000910;0,0004563;0,0010371;0,0003336;0,0007177;0,0004696;0,0010418;0,0003468;0,0008092;0,002360;0,003400;0,002080;0,001975;0,001960;0,002105;0,002080;0,000950;0,001040;0,001710;0,001472;0,000440;0,000763;0,000320;0,000356;0,000636;0,000572;0,000331;0,000779;0,002065;0,002027;0,001953;0,001890
30;0,001230;0,008430;0,000402;0,000694;0,000450;0,000784;0,000677;0,001004;0,001004;0,000893;0,000810;0,000493;0,000441;0,000850;0,000759;0,000440;0,001260;0,000350;0,000920;0,0004818;0,0010541;0,000348;0,0007211;0,0004882;0,0010447;0,0003560;0,0007943;0,002400;0,003560;0,002130;0,002010;0,001990;0,002160;0,002130;0,000970;0,001080;0,001730;0,001520;0,000469;0,000809;0,000342;0,000380;0,000674;0,000607;0,000351;0,000801;0,002139;0,002085;0,002021;0,001956
31;0,001280;0,008510;0,000414;0,000699;0,000463;0,000789;0,000721;0,001067;0,001067;0,000953;0,000860;0,000513;0,000460;0,000881;0,000786;0,000470;0,001270;0,000370;0,000930;0,0005078;0,0010763;0,0003575;0,0007342;0,0005113;0,0010533;0,0003677;0,0007858;0,002450;0,003730;0,002190;0,002055;0,002030;0,002220;0,002190;0,001000;0,001130;0,001780;0,001568;0,000499;0,000860;0,000364;0,000404;0,000717;0,000645;0,000373;0,000821;0,002219;0,002173;0,002093;0,002025
32;0,001340;0,008610;0,000425;0,000700;0,000476;0,000789;0,000770;0,001136;0,001136;0,001020;0,000920;0,000534;0,000479;0,000913;0,000814;0,000500;0,001290;0,000400;0,000940;0,0005376;0,0011029;0,0003685;0,0007579;0,0005390;0,0010691;0,0003823;0,0007845;0,002510;0,003920;0,002250;0,002105;0,002080;0,002285;0,002250;0,001040;0,001180;0,001830;0,001625;0,000533;0,000916;0,000388;0,000431;0,000763;0,000687;0,000397;0,000839;0,002305;0,002240;0,002174;0,002105
33;0,001410;0,008720;0,000436;0,000701;0,000488;0,000790;0,000822;0,001213;0,001213;0,001095;0,000980;0,000555;0,000499;0,000945;0,000843;0,000540;0,001350;0,000420;0,000990;0,0005755;0,0011428;0,0003831;0,0007941;0,0005717;0,0010931;0,0004003;0,0007911;0,002600;0,004120;0,002320;0,002160;0,002130;0,002360;0,002320;0,001080;0,001240;0,001910;0,001710;0,000569;0,000978;0,000414;0,000460;0,000815;0,000734;0,000422;0,000848;0,002400;0,002343;0,002267;0,002195
34;0,001500;0,008830;0,000449;0,000702;0,000500;0,000791;0,000879;0,001297;0,001297;0,001179;0,001050;0,000578;0,000521;0,000980;0,000876;0,000570;0,001420;0,000450;0,001030;0,0006176;0,0011748;0,0004103;0,0008395;0,0006094;0,0011264;0,0004218;0,0008068;0,002710;0,004350;0,002400;0,002220;0,002190;0,002455;0,002400;0,001130;0,001310;0,002000;0,001831;0,000608;0,001046;0,000443;0,000492;0,000872;0,000785;0,000449;0,000849;0,002492;0,002437;0,002373;0,002298
35;0,001620;0,008950;0,000463;0,000704;0,000515;0,000792;0,000942;0,001391;0,001391;0,001273;0,001120;0,000605;0,000545;0,001023;0,000917;0,000620;0,001490;0,000470;0,001090;0,0006637;0,0012103;0,0004548;0,0008802;0,0006525;0,0011699;0,0004469;0,0008313;0,002850;0,004590;0,002510;0,002285;0,002250;0,002575;0,002510;0,001180;0,001410;0,002110;0,001962;0,000651;0,001122;0,000476;0,000529;0,000955;0,000860;0,000478;0,000851;0,002616;0,002568;0,002491;0,002412
36;0,001760;0,009090;0,000481;0,000719;0,000534;0,000794;0,001010;0,001494;0,001494;0,001378;0,001200;0,000636;0,000574;0,001077;0,000968;0,000660;0,001570;0,000510;0,001150;0,0007043;0,0012596;0,0004992;0,0009202;0,0007012;0,0012240;0,0004760;0,0008651;0,003020;0,004860;0,002640;0,002360;0,002320;0,002720;0,002640;0,001240;0,001530;0,002240;0,002140;0,000698;0,001204;0,000502;0,000558;0,001008;0,000907;0,000512;0,000862;0,002752;0,002686;0,002622;0,002541
37;0,001910;0,009230;0,000504;0,000749;0,000558;0,000823;0,001085;0,001607;0,001607;0,001495;0,001300;0,000673;0,000607;0,001146;0,001032;0,000710;0,001660;0,000540;0,001210;0,0007494;0,0013443;0,0005337;0,0009512;0,0007559;0,0012896;0,0005094;0,0009091;0,003210;0,005150;0,002800;0,002455;0,002400;0,002905;0,002800;0,001310;0,001680;0,002400;0,002336;0,000750;0,001295;0,000536;0,000595;0,001073;0,000966;0,000551;0,000891;0,002899;0,002850;0,002770;0,002687
38;0,002090;0,009410;0,000532;0,000796;0,000590;0,000872;0,001167;0,001733;0,001733;0,001624;0,001400;0,000717;0,000646;0,001232;0,001114;0,000760;0,001760;0,000580;0,001280;0,0007991;0,0014038;0,0005578;0,0009876;0,0008171;0,0013672;0,0005474;0,0009630;0,003450;0,005460;0,003010;0,002575;0,002510;0,003130;0,003010;0,001410;0,001880;0,002580;0,002579;0,000807;0,001397;0,000573;0,000637;0,001154;0,001039;0,000598;0,000939;0,003081;0,003006;0,002936;0,002851
39;0,002280;0,009590;0,000567;0,000864;0,000630;0,000945;0,001256;0,001872;0,001872;0,001767;0,001510;0,000769;0,000691;0,001341;0,001216;0,000820;0,001860;0,000620;0,001360;0,000863;0,0014580;0,0005769;0,0010291;0,0008851;0,0014576;0,0005903;0,0010268;0,003720;0,005810;0,003250;0,002720;0,002640;0,003390;0,003250;0,001530;0,002100;0,002790;0,002859;0,000869;0,001509;0,000617;0,000686;0,001253;0,001128;0,000652;0,000999;0,003275;0,003202;0,003121;0,003035
40;0,002480;0,009790;0,000609;0,000953;0,000677;0,001043;0,001355;0,002025;0,002025;0,001925;0,001630;0,000827;0,000742;0,001476;0,001341;0,000880;0,001980;0,000660;0,001440;0,0009412;0,0015362;0,0005968;0,0010883;0,0009604;0,0015612;0,0006384;0,0011019;0,004020;0,006180;0,003530;0,002905;0,002800;0,003685;0,003530;0,001680;0,002360;0,003020;0,003168;0,000938;0,001633;0,000665;0,000739;0,001375;0,001238;0,000709;0,001072;0,003481;0,003419;0,003322;0,003235
41;0,002710;0,010010;0,000658;0,001065;0,000732;0,001168;0,001464;0,002220;0,002220;0,002099;0,001790;0,000894;0,000801;0,001641;0,001492;0,000950;0,002110;0,000710;0,001530;0,001041;0,0016430;0,0006254;0,0011563;0,0010437;0,0016790;0,0006924;0,0011874;0,004370;0,006590;0,003840;0,003130;0,003010;0,004005;0,003840;0,001880;0,002650;0,003290;0,003515;0,001013;0,001789;0,000716;0,000796;0,001522;0,001370;0,000768;0,001156;0,003730;0,003631;0,003542;0,003453
42;0,002930;0,010250;0,000715;0,001201;0,000796;0,001322;0,001583;0,002481;0,002481;0,002290;0,002000;0,000967;0,000867;0,001842;0,001673;0,001030;0,002250;0,000770;0,001640;0,0011431;0,0017815;0,0006793;0,0012443;0,0011356;0,0018117;0,0007525;0,0012848;0,004750;0,007030;0,004170;0,003390;0,003250;0,004350;0,004170;0,002100;0,002950;0,003560;0,003910;0,001094;0,002000;0,000775;0,000861;0,001697;0,001527;0,000825;0,001252;0,003986;0,003891;0,003785;0,003693
43;0,003180;0,010520;0,000781;0,001362;0,000868;0,001505;0,001715;0,002804;0,002804;0,002499;0,002260;0,001048;0,000942;0,002079;0,001886;0,001110;0,002400;0,000830;0,001750;0,0012474;0,0018980;0,000746;0,0013505;0,0012369;0,0019605;0,0008194;0,0013940;0,005180;0,007510;0,004530;0,003685;0,003530;0,004725;0,004530;0,002360;0,003280;0,003870;0,004333;0,001186;0,002260;0,000842;0,000935;0,001905;0,001715;0,000877;0,001352;0,004268;0,004154;0,004054;0,003957
44;0,003460;0,010830;0,000855;0,001547;0,000950;0,001715;0,001859;0,003187;0,003187;0,002727;0,002570;0,001139;0,001026;0,002352;0,002129;0,001200;0,002560;0,000890;0,001870;0,0013457;0,0020322;0,0008159;0,0014798;0,0013483;0,0021263;0,0008936;0,0015160;0,005640;0,008040;0,004920;0,004005;0,003840;0,005135;0,004920;0,002650;0,003640;0,004190;0,004795;0,001286;0,002569;0,000919;0,001021;0,002147;0,001932;0,000923;0,001458;0,004573;0,004463;0,004348;0,004243
45;0,003760;0,011160;0,000939;0,001752;0,001043;0,001948;0,002019;0,003625;0,003625;0,002975;0,002920;0,001242;0,001122;0,002657;0,002399;0,001300;0,002750;0,000960;0,002000;0,001455;0,0021748;0,0008868;0,0016034;0,0014709;0,0023107;0,0009759;0,0016514;0,006150;0,008610;0,005350;0,004350;0,004170;0,005589;0,005350;0,002950;0,004030;0,004550;0,005304;0,001397;0,002922;0,001010;0,001122;0,002426;0,002183;0,000973;0,001578;0,004907;0,004778;0,004671;0,004558
46;0,004120;0,011560;0,001035;0,001974;0,001148;0,002198;0,002196;0,004116;0,004116;0,003244;0,003320;0,001362;0,001231;0,002988;0,002693;0,001400;0,002950;0,001040;0,002150;0,0015758;0,0023466;0,0009663;0,0017246;0,0016057;0,0025149;0,0010670;0,0018018;0,006700;0,009230;0,005830;0,004725;0,004530;0,006094;0,005830;0,003280;0,004460;0,004920;0,005881;0,001519;0,003318;0,001117;0,001241;0,002745;0,002471;0,001033;0,001722;0,005264;0,005127;0,005016;0,004894
47;0,004550;0,012000;0,001141;0,002211;0,001267;0,002463;0,002391;0,004657;0,004657;0,003535;0,003750;0,001500;0,001356;0,003343;0,003009;0,001520;0,003170;0,001120;0,002310;0,0017322;0,0025429;0,0010661;0,0018463;0,0017537;0,0027404;0,0011675;0,0019683;0,007310;0,009910;0,006360;0,005135;0,004920;0,006654;0,006360;0,003640;0,004940;0,005320;0,006459;0,001654;0,003754;0,001237;0,001374;0,003100;0,002790;0,001112;0,001899;0,005629;0,005486;0,005371;0,005242
48;0,005020;0,012510;0,001261;0,002460;0,001400;0,002740;0,002606;0,005246;0,005246;0,003849;0,004230;0,001658;0,001499;0,003718;0,003343;0,001640;0,003410;0,001210;0,002490;0,0019093;0,0027966;0,001167;0,0020009;0,0019163;0,0029891;0,0012786;0,0021525;0,007980;0,010640;0,006950;0,005589;0,005350;0,007274;0,006950;0,004030;0,005470;0,005740;0,007123;0,001802;0,004228;0,001366;0,001518;0,003487;0,003138;0,001206;0,002102;0,005997;0,005848;0,005731;0,005597
49;0,005540;0,013110;0,001393;0,002721;0,001548;0,003028;0,002845;0,005880;0,005880;0,004187;0,004740;0,001837;0,001657;0,004110;0,003694;0,001780;0,003670;0,001310;0,002680;0,0021023;0,0030327;0,0012926;0,0021789;0,0020948;0,0032632;0,0014010;0,0023563;0,008720;0,011450;0,007600;0,006094;0,005830;0,007959;0,007600;0,004460;0,006060;0,006210;0,007835;0,001967;0,004740;0,001505;0,001672;0,003903;0,003513;0,001310;0,002326;0,006378;0,006241;0,006105;0,005967
50;0,006100;0,013780;0,001538;0,002994;0,001710;0,003330;0,003109;0,006557;0,006557;0,004550;0,005290;0,002033;0,001830;0,004518;0,004057;0,001930;0,003960;0,001420;0,002900;0,0022899;0,0033904;0,0014107;0,0023873;0,0022908;0,0035646;0,0015363;0,0025803;0,009520;0,012320;0,008320;0,006654;0,006360;0,008713;0,008320;0,004940;0,006710;0,006710;0,008625;0,002151;0,005285;0,001647;0,001830;0,004343;0,003909;0,001428;0,002579;0,006781;0,006633;0,006501;0,006359
51;0,006630;0,014540;0,001695;0,003279;0,001888;0,003647;0,003361;0,007277;0,007277;0,004943;0,005880;0,002246;0,002016;0,004938;0,004431;0,002090;0,004270;0,001550;0,003130;0,002486;0,0037727;0,0015282;0,0026229;0,0025059;0,0038959;0,0016854;0,0028275;0,010400;0,013270;0,009110;0,007274;0,006950;0,009533;0,009110;0,005470;0,007420;0,007300;0,009483;0,002324;0,005867;0,001793;0,001992;0,004804;0,004324;0,001568;0,002872;0,007228;0,007064;0,006940;0,006794
52;0,007170;0,015390;0,001864;0,003576;0,002079;0,003980;0,003642;0,008038;0,008038;0,005378;0,006460;0,002474;0,002215;0,005370;0,004812;0,002280;0,004620;0,001690;0,003390;0,0026688;0,0042051;0,0016306;0,0029034;0,0027417;0,0042598;0,0018495;0,0030997;0,011370;0,014300;0,009960;0,007959;0,007600;0,010423;0,009960;0,006060;0,008190;0,007960;0,010428;0,002520;0,006480;0,001949;0,002165;0,005283;0,004755;0,001734;0,003213;0,007738;0,007570;0,007441;0,007289
53;0,007730;0,016330;0,002047;0,003884;0,002286;0,004331;0,003957;0,008840;0,008840;0,005868;0,007090;0,002716;0,002426;0,005811;0,005198;0,002480;0,004990;0,001850;0,003670;0,0028667;0,0046575;0,0017601;0,0032172;0,0030007;0,0046592;0,0020305;0,0033996;0,012440;0,015430;0,010890;0,008713;0,008320;0,011392;0,010890;0,006710;0,009030;0,008710;0,011460;0,002738;0,007127;0,002120;0,002355;0,005778;0,005200;0,001907;0,003584;0,008326;0,008156;0,008016;0,007858
54;0,008370;0,017400;0,002244;0,004203;0,002507;0,004698;0,004310;0,009682;0,009682;0,006428;0,007740;0,002971;0,002650;0,006260;0,005591;0,002700;0,005410;0,002030;0,003980;0,0030948;0,0050194;0,0019246;0,0035536;0,0032850;0,0050975;0,0022300;0,0037295;0,013610;0,016650;0,011900;0,009533;0,009110;0,012447;0,011900;0,007420;0,009940;0,009560;0,012590;0,002982;0,007806;0,002315;0,002572;0,006289;0,005660;0,002084;0,003979;0,008985;0,008813;0,008661;0,008495
55;0,009110;0,018570;0,002457;0,004534;0,002746;0,005077;0,004705;0,010565;0,010565;0,007073;0,008420;0,003242;0,002891;0,006718;0,005994;0,002940;0,005860;0,002230;0,004310;0,0033761;0,0055152;0,0021113;0,0039070;0,0035968;0,0055783;0,0024494;0,0040923;0,014880;0,017980;0,013000;0,010423;0,009960;0,013601;0,013000;0,008190;0,010930;0,010470;0,013808;0,003256;0,008519;0,002541;0,002823;0,006812;0,006131;0,002294;0,004425;0,009701;0,009528;0,009361;0,009186
56;0,010000;0,019890;0,002689;0,004876;0,003003;0,005465;0,005146;0,011491;0,011491;0,007818;0,009120;0,003528;0,003151;0,007184;0,006409;0,003210;0,006350;0,002450;0,004680;0,0036901;0,0059796;0,0023298;0,0042981;0,0039388;0,0061056;0,0026910;0,0044915;0,016240;0,019430;0,014210;0,011392;0,010890;0,014870;0,014210;0,009030;0,012020;0,011460;0,015105;0,003574;0,009262;0,002803;0,003114;0,007353;0,006618;0,002563;0,004949;0,010457;0,010283;0,010102;0,009918
57;0,011010;0,021340;0,002942;0,005228;0,003280;0,005861;0,005640;0,012460;0,012460;0,008678;0,009850;0,003832;0,003432;0,007658;0,006839;0,003510;0,006900;0,002710;0,005090;0,0040317;0,0065447;0,002564;0,0047163;0,0043144;0,0066842;0,0029570;0,0049304;0,017700;0,021000;0,015540;0,012447;0,011900;0,016264;0,015540;0,009940;0,013220;0,012490;0,016492;0,003948;0,010039;0,003103;0,003448;0,007932;0,007139;0,002919;0,005581;0,011251;0,011073;0,010879;0,010686
58;0,012150;0,022940;0,003218;0,005593;0,003578;0,006265;0,006193;0,013476;0,013476;0,009666;0,010610;0,004155;0,003739;0,008146;0,007290;0,003840;0,007490;0,002990;0,005540;0,0044048;0,0070133;0,0028004;0,0051323;0,0047266;0,0073185;0,0032498;0,0054136;0,019240;0,022710;0,017000;0,013601;0,013000;0,017788;0,017000;0,010930;0,014540;0,013590;0,017948;0,004388;0,010889;0,003443;0,003825;0,008577;0,007719;0,003359;0,006300;0,012078;0,011892;0,011689;0,011487
59;0,013310;0,024720;0,003523;0,005988;0,003907;0,006694;0,006812;0,014542;0,014542;0,010782;0,011410;0,004515;0,004081;0,008671;0,007782;0,004200;0,008140;0,003300;0,006030;0,004809;0,0077397;0,0030334;0,0055507;0,0051784;0,0080136;0,0035722;0,0059450;0,020870;0,024570;0,018590;0,014870;0,014210;0,019457;0,018590;0,012020;0,015980;0,014770;0,019485;0,004901;0,011924;0,003821;0,004246;0,009315;0,008384;0,003863;0,007090;0,012949;0,012750;0,012542;0,012329
60;0,014870;0,026690;0,003863;0,006428;0,004277;0,007170;0,007504;0,015662;0,015662;0,012027;0,012250;0,004927;0,004467;0,009266;0,008338;0,004590;0,008860;0,003650;0,006560;0,0052625;0,0084372;0,0033009;0,0060008;0,0056749;0,0087755;0,0039267;0,0065296;0,022620;0,026590;0,020340;0,016264;0,015540;0,021280;0,020340;0,013220;0,017560;0,016080;0,021122;0,005489;0,013119;0,004241;0,004712;0,010175;0,009158;0,004439;0,007976;0,013887;0,013674;0,013461;0,013238
61;0,016490;0,028880;0,004242;0,006933;0,004699;0,007714;0,008278;0,016869;0,016919;0,013401;0,013130;0,005411;0,004908;0,009961;0,008983;0,005010;0,009640;0,004030;0,007150;0,0057335;0,0092120;0,0035957;0,0065038;0,0062190;0,0096105;0,0043170;0,0071722;0,024510;0,028780;0,022240;0,017788;0,017000;0,023263;0,022240;0,014540;0,019260;0,017540;0,022878;0,006156;0,014440;0,004703;0,005225;0,011182;0,010064;0,005093;0,008986;0,014904;0,014678;0,014460;0,014226
62;0,018310;0,031290;0,004668;0,007520;0,005181;0,008348;0,009144;0,018199;0,018348;0,014901;0,014070;0,005983;0,005413;0,010787;0,009740;0,005480;0,010490;0,004450;0,007800;0,0062466;0,0098629;0,0039135;0,0070974;0,0068166;0,0105257;0,0047469;0,0078789;0,026600;0,031180;0,024310;0,019457;0,018590;0,025426;0,024310;0,015980;0,021100;0,019190;0,024811;0,006898;0,015863;0,005210;0,005789;0,012370;0,011133;0,005832;0,010147;0,015997;0,015763;0,015534;0,015288
63;0,020340;0,033940;0,005144;0,008207;0,005732;0,009093;0,010112;0,019666;0,019986;0,016526;0,015080;0,006656;0,005990;0,011769;0,010630;0,005990;0,011430;0,004910;0,008510;0,0067445;0,0106900;0,0042898;0,0078021;0,0074716;0,0115288;0,0052206;0,0086564;0,028860;0,033760;0,026570;0,021280;0,020340;0,027788;0,026570;0,017560;0,023090;0,021060;0,026912;0,007712;0,017413;0,005769;0,006410;0,013768;0,012391;0,006677;0,011471;0,017176;0,016938;0,016693;0,016431
64;0,022600;0,036870;0,005671;0,009008;0,006347;0,009968;0,011195;0,021283;0,021868;0,018286;0,016190;0,007416;0,006633;0,012920;0,011664;0,006540;0,012460;0,005410;0,009290;0,0072829;0,0116459;0,0047135;0,0086713;0,0081907;0,0126271;0,0057413;0,0095116;0,031310;0,036580;0,029040;0,023263;0,022240;0,030375;0,029040;0,019260;0,025250;0,023140;0,029162;0,008608;0,019185;0,006386;0,007095;0,015409;0,013868;0,007621;0,012940;0,018452;0,018215;0,017949;0,017669
65;0,025070;0,040130;0,006250;0,009940;0,007017;0,010993;0,012406;0,023066;0,024012;0,020192;0,017410;0,008241;0,007336;0,014248;0,012851;0,007140;0,013580;0,005930;0,010140;0,0078072;0,0125490;0,0052346;0,0095833;0,0089797;0,0138316;0,0063149;0,0104519;0,034000;0,039640;0,031750;0,025426;0,024310;0,033221;0,031750;0,021100;0,027610;0,025420;0,031620;0,009563;0,021260;0,007064;0,007849;0,017324;0,015592;0,008636;0,014535;0,019805;0,019569;0,019281;0,018981
66;0,027770;0,043710;0,006878;0,011016;0,007734;0,012188;0,013759;0,025030;0,026412;0,022256;0,018770;0,009114;0,008090;0,015761;0,014199;0,007780;0,014810;0,006480;0,011070;0,0084053;0,0135129;0,0057864;0,0105349;0,0098450;0,0151511;0,0069472;0,0114859;0,037000;0,042960;0,034740;0,027788;0,026570;0,036361;0,034740;0,023090;0,030210;0,027850;0,034364;0,010565;0,023643;0,007817;0,008686;0,019532;0,017579;0,009694;0,016239;0,021276;0,021042;0,020731;0,020413
67;0,030700;0,047650;0,007555;0,012251;0,008491;0,013572;0,015272;0,027193;0,029045;0,024491;0,020290;0,010012;0,008888;0,017467;0,015717;0,008500;0,016160;0,007100;0,012100;0,0090414;0,0143795;0,006393;0,0114564;0,0107955;0,0165961;0,0076430;0,0126238;0,040320;0,046560;0,038040;0,030375;0,029040;0,039825;0,038040;0,025250;0,033080;0,030440;0,037395;0,011621;0,026316;0,008681;0,009646;0,022004;0,019804;0,010764;0,018034;0,022948;0,022715;0,022386;0,022051
68;0,033900;0,052000;0,008287;0,013657;0,009288;0,015160;0,016963;0,029577;0,031867;0,026911;0,021990;0,010931;0,009731;0,019373;0,017414;0,009270;0,017630;0,007750;0,013230;0,0097934;0,0156326;0,0071061;0,0124987;0,0118387;0,0181790;0,0084090;0,0138735;0,044010;0,050460;0,041680;0,033221;0,031750;0,043603;0,041680;0,027610;0,036240;0,033190;0,040733;0,012877;0,029188;0,009702;0,010780;0,024699;0,022229;0,011763;0,019859;0,024870;0,024637;0,024296;0,023947
69;0,037410;0,056760;0,009102;0,015233;0,010163;0,016946;0,018853;0,032202;0,034836;0,029531;0,023890;0,011916;0,010653;0,021486;0,019296;0,010090;0,019250;0,008430;0,014460;0,0105983;0,0167943;0,0079214;0,0135974;0,0129839;0,0199136;0,0092517;0,0152497;0,048030;0,054700;0,045610;0,036361;0,034740;0,047651;0,045610;0,030210;0,039660;0,036170;0,044370;0,014461;0,032435;0,010922;0,012135;0,027574;0,024817;0,012709;0,021729;0,027027;0,026793;0,026443;0,026083
70;0,041230;0,061990;0,010034;0,016979;0,011165;0,018920;0,020964;0,035092;0,037916;0,032367;0,026000;0,013027;0,011697;0,023810;0,021371;0,011000;0,021020;0,009190;0,015810;0,0115216;0,0183789;0,0088362;0,0150356;0,0142412;0,0218138;0,0101801;0,0167636;0,052330;0,059300;0,049790;0,039825;0,038040;0,051914;0,049790;0,033080;0,043300;0,039510;0,048239;0,016477;0,036106;0,012385;0,013761;0,030589;0,027530;0,013730;0,023730;0,029359;0,029122;0,028766;0,028396
71;0,045400;0,067670;0,011117;0,018891;0,012339;0,021071;0,023321;0,038272;0,041101;0,035436;0,028340;0,014326;0,012905;0,026353;0,023647;0,012020;0,022950;0,010060;0,017300;0,0124819;0,0202899;0,0097454;0,0166761;0,0156207;0,0238942;0,0112029;0,0184301;0,056860;0,064270;0,054150;0,043603;0,041680;0,056337;0,054150;0,036240;0,047090;0,043300;0,052275;0,019000;0,040008;0,014128;0,015698;0,033727;0,030354;0,014953;0,025951;0,031839;0,031598;0,031234;0,030852
72;0,049940;0,073730;0,012386;0,020967;0,013734;0,023388;0,025954;0,041771;0,044420;0,038756;0,030930;0,015872;0,014319;0,029120;0,026131;0,013120;0,025080;0,011020;0,018930;0,0136001;0,0226976;0,010748;0,0187002;0,0171350;0,0261708;0,0123321;0,0202640;0,061580;0,069660;0,058650;0,047651;0,045610;0,060886;0,058650;0,039660;0,051000;0,047650;0,056458;0,021911;0,043827;0,016160;0,017955;0,037078;0,033370;0,016506;0,028481;0,034509;0,034268;0,033892;0,033496
73;0,054900;0,080180;0,013871;0,023209;0,015391;0,025871;0,028892;0,045620;0,047987;0,042346;0,033800;0,017717;0,015980;0,032123;0,028835;0,014300;0,027400;0,012040;0,020720;0,0147735;0,0254119;0,0117749;0,0208752;0,0187983;0,0286631;0,0135737;0,0222823;0,066420;0,075500;0,063260;0,051914;0,049790;0,065611;0,063260;0,043300;0,055010;0,052640;0,060731;0,025112;0,047489;0,018481;0,020534;0,040756;0,036680;0,018344;0,031201;0,037378;0,037140;0,036746;0,036335
74;0,060240;0,087030;0,015592;0,025644;0,017326;0,028552;0,032171;0,049852;0,051822;0,046226;0,036980;0,019883;0,017909;0,035398;0,031794;0,015580;0,029940;0,013130;0,022680;0,0164225;0,0280659;0,0128002;0,0232898;0,0206242;0,0313923;0,0149419;0,0245048;0,071530;0,081810;0,068120;0,056337;0,054150;0,070653;0,068120;0,047090;0,059230;0,058190;0,065210;0,028632;0,051221;0,021092;0,023435;0,044876;0,040388;0,020381;0,034051;0,040462;0,040228;0,039812;0,039382
75;0,066020;0,094370;0,017564;0,028304;0,019551;0,031477;0,035829;0,054501;0,055946;0,050417;0,040490;0,022383;0,020127;0,038986;0,035046;0,016990;0,032730;0,014330;0,024830;0,0182079;0,0298929;0,013845;0,0257844;0,0226288;0,0343782;0,0164518;0,0269507;0,077040;0,088640;0,073370;0,060886;0,058650;0,076164;0,073370;0,051000;0,063800;0,064190;0,070004;0,032385;0,055293;0,023992;0,026658;0,049552;0,044597;0,022686;0,037211;0,043769;0,043539;0,043097;0,042648
76;0,072300;0,102310;0,019805;0,031220;0,022075;0,034686;0,039907;0,059609;0,060381;0,054941;0,044390;0,025228;0,022654;0,042930;0,038631;0,018560;0,035780;0,015660;0,027190;0,0203084;0,0326954;0,0151097;0,0286674;0,0248314;0,0376456;0,0181160;0,0296358;0,083140;0,096020;0,079180;0,065611;0,063260;0,082306;0,079180;0,055010;0,068850;0,070530;0,075299;0,036408;0,060068;0,027185;0,030205;0,054876;0,049388;0,025325;0,040858;0,047327;0,047098;0,046629;0,046159
77;0,079140;0,111060;0,022328;0,034425;0,024910;0,038225;0,044451;0,065216;0,065140;0,059821;0,048720;0,028433;0,025509;0,047272;0,042587;0,020300;0,039120;0,017140;0,029770;0,0223018;0,0358784;0,0166446;0,0317212;0,0272495;0,0412217;0,0199507;0,0325972;0,089980;0,103990;0,085700;0,070653;0,068120;0,089215;0,085700;0,059230;0,074520;0,077120;0,081234;0,040769;0,065924;0,030672;0,034080;0,060842;0,054758;0,028366;0,045171;0,051179;0,050944;0,050450;0,049961
78;0,086710;0,120830;0,025158;0,037948;0,028074;0,042132;0,049513;0,071368;0,070253;0,065081;0,053500;0,032017;0,028717;0,052054;0,046951;0,022210;0,042780;0,018760;0,032610;0,0247974;0,0398857;0,0186115;0,0348424;0,0299052;0,0451315;0,0219735;0,0358570;0,097710;0,112590;0,093060;0,076164;0,073370;0,096927;0,093060;0,063800;0,080920;0,083900;0,087909;0,045472;0,072595;0,034459;0,038288;0,067420;0,060678;0,031727;0,050211;0,055366;0,055115;0,054596;0,054091
79;0,095160;0,131730;0,028341;0,041812;0,031612;0,046427;0,055147;0,078113;0,075741;0,070747;0,058790;0,036029;0,032328;0,057325;0,051755;0,024310;0,046790;0,020550;0,035730;0,0276023;0,0429656;0,0210603;0,0382344;0,0328240;0,0494118;0,0242065;0,0394446;0,106250;0,121860;0,101190;0,082306;0,079180;0,105351;0,101190;0,068850;0,087990;0,091050;0,095268;0,050616;0,079692;0,038549;0,042832;0,074583;0,067125;0,035362;0,055861;0,059910;0,059631;0,059091;0,058572
80;0,104520;0,144470;0,031933;0,046037;0,035580;0,051128;0,061415;0,085503;0,081627;0,076847;0,064600;0,040525;0,036395;0,063132;0,057026;0,026740;0,051180;0,022640;0,039140;0,0309387;0,0479174;0,0240473;0,0417852;0,0360315;0,0540943;0,0266705;0,0433961;0,115480;0,131850;0,109980;0,089215;0,085700;0,114392;0,109980;0,074520;0,095640;0,098840;0,103168;0,056085;0,087431;0,042945;0,047717;0,082300;0,074070;0,039396;0,062027;1,000000;1,000000;1,000000;1,000000
81; ;0,158600;0,035985;0,050643;0,040030;0,056250;0,068383;0,093593;0,087937;0,083411;0,070900;0,045561;0,040975;0,069523;0,062791;0,029620;0,055980;0,025160;0,042890;0,034852;0,0528419;0,0273368;0,0457989;0,0395550;0,0592135;0,0293906;0,0477440;0,125320;0,142600;0,119350;0,096927;0,093060;0,123948;0,119350;0,080920;0,103780;0,107480;0,111553;0,061853;0,095445;0,047655;0,052950;0,090538;0,081484;0,043952;0,068615;;;;
82; ;0,174300;0,040552;0,055651;0,045017;0,061809;0,076121;0,102443;0,094700;0,090471;0,077670;0,051194;0,046121;0,076547;0,069081;0,033070;0,061250;0,028170;0,047000;0,0394659;0,0586542;0,0307907;0,0499480;0,0434281;0,0648087;0,0323974;0,0525348;0,135630;0,154160;0,129170;0,105351;0,101190;0,133923;0,129170;0,087990;0,112320;0,117250;0,120277;0,067936;0,103691;0,052691;0,058546;0,099244;0,089320;0,049153;0,075532;;;;
83; ;0,191560;0,045690;0,061080;0,050600;0,067826;0,084707;0,112113;0,101944;0,098061;0,084940;0,057483;0,051889;0,084229;0,075908;0,037110;0,067010;0,031760;0,051500;0,0444953;0,0638227;0,0342908;0,0544018;0,0476853;0,0709235;0,0357190;0,0578148;0,146350;0,166570;0,139380;0,114392;0,109980;0,144297;0,139380;0,095640;0,121200;0,128260;0,129281;0,074351;0,112303;0,058071;0,064523;0,108361;0,097525;0,054857;0,082510;;;;
84; ;0,211360;0,051456;0,066948;0,056865;0,074322;0,094224;0,122669;0,109694;0,106217;0,092870;0,064512;0,058336;0,092498;0,083230;0,041850;0,073320;0,035770;0,056450;0,0497225;0,0694993;0,0381713;0,0597001;0,0523681;0,0776063;0,0393893;0,0636241;0,157510;0,179880;0,150010;0,123948;0,119350;0,155124;0,150010;0,103780;0,130450;0,140250;0,138597;0,081501;0,121116;0,063807;0,070897;0,117830;0,106047;0,060979;0,089613;;;;
85; ;0,235550;0,057913;0,073275;0,063907;0,081326;0,104760;0,134178;0,117987;0,114977;0,101690;0,072368;0,065518;0,101261;0,090987;0,047490;0,080240;0,040420;0,061870;0,0559396;0,0773917;0,0428888;0,0665090;0,0575149;0,0849002;0,0434512;0,0700284;0,169200;0,194130;0,161140;0,133923;0,129170;0,166468;0,161140;0,112320;0,140120;0,152950;0,148276;0,089179;0,130102;0,069918;0,077687;0,127595;0,114836;0,067738;0,097240;;;;
86; ;0,265680;0,065119;0,080076;0,071815;0,088863;0,116409;0,146709;0,126843;0,124380;0,111650;0,081137;0,073493;0,110424;0,099122;0,054130;0,087810;0,045820;0,067820;0,0627591;0,0847935;0,0490175;0,0744187;0,0631818;0,0928587;0,0479448;0,0770882;0,181460;0,209370;0,172820;0,144297;0,139380;0,178392;0,172820;0,121200;0,150270;0,166090;0,158359;0,097468;0,139315;0,076570;0,085078;0,137967;0,124170;0,075347;0,105792;;;;
87; ;0,303020;0,073136;0,087370;0,080682;0,096958;0,129270;0,160333;0,136307;0,134466;0,123050;0,090907;0,082318;0,119894;0,107577;0,061700;0,096090;0,052190;0,074340;0,0699435;0,0943216;0,0560458;0,0839599;0,0694155;0,1015424;0,0529195;0,0848701;0,194390;0,225630;0,185130;0,155124;0,150010;0,191021;0,185130;0,130450;0,160980;0,179550;0,168937;0,106452;0,148714;0,083870;0,093189;0,148744;0,133870;0,084023;0,115671;;;;
88; ;0,346690;0,081991;0,095169;0,090557;0,105631;0,143445;0,175124;0,146397;0,145274;0,136120;0,101721;0,092017;0,129609;0,116316;0,070400;0,105170;0,059280;0,081500;0,0770216;0,1019140;0,0632215;0,0934390;0,0762774;0,1110108;0,0584343;0,0934457;0,208160;0,243000;0,198250;0,166468;0,161140;0,204573;0,198250;0,140120;0,172390;0,193270;0,180129;0,116226;0,158486;0,091935;0,102150;0,160081;0,144073;0,093820;0,126980;;;;
89; ;0,395860;0,091577;0,103455;0,101307;0,114858;0,159040;0,191151;0,157153;0,156841;0,151070;0,113454;0,102491;0,139643;0,125394;0,080960;0,115110;0,067340;0,089350;0,0854361;0,1130950;0,0703395;0,1049700;0,0838367;0,1213272;0,0645439;0,1029083;0,223080;0,261440;0,212460;0,178392;0,172820;0,219368;0,212460;0,150270;0,184750;0,207290;0,192208;0,126893;0,168709;0,101354;0,112616;0,172066;0,154859;0,104594;0,139452;;;;
90; ;0,454550;0,101758;0,112208;0,112759;0,124612;0,176161;0,208485;0,168604;0,169202;0,168040;0,125936;0,113605;0,150099;0,134887;0,093100;0,126000;0,076510;0,097960;0,0952068;0,1207108;0,0776935;0,1143591;0,0921620;0,1325679;0,0713328;0,1133572;0,239550;0,280990;0,228140;0,191021;0,185130;0,235822;0,228140;0,160980;0,198380;0,221770;0,205495;0,138577;0,179452;0,111750;0,124167;0,184785;0,166307;0,116265;0,152931;;;;
91; ;0,532470;0,112395;0,121402;0,124733;0,134861;0,194913;0,227192;0,180783;0,182389;0,187150;0,138997;0,125227;0,161082;0,144873;0,106470;0,137920;0,087270;0,107410;0,1055215;0,1284853;0,085828;0,1247292;0,1013333;0,1448080;0,0788765;0,1248876;0,258060;0,301730;0,245770;0,204573;0,198250;0,254438;0,245770;0,172390;0,213710;0,236980;0,220333;0,151192;0,190489;0,123076;0,136751;0,198016;0,178214;0,128751;0,167260;;;;
92; ;0,634260;0,123349;0,131017;0,137054;0,145575;0,215399;0,247332;0,193724;0,196431;0,208460;0,152469;0,137222;0,172699;0,155429;0,121100;0,150980;0,099060;0,117770;0,1176157;0,1389316;0,0942675;0,1325577;0,1114511;0,1581183;0,0872622;0,1376241;0,279230;0,323640;0,265930;0,219368;0,212460;0,275822;0,265930;0,184750;0,231240;0,253450;0,237268;0,165077;0,201681;0,135630;0,150700;0,211622;0,190460;0,141973;0,182281;;;;
93; ;0,734180;0,134486;0,141030;0,149552;0,156727;0,237714;0,268960;0,207446;0,211355;0,231890;0,166187;0,149462;0,185049;0,166629;0,138570;0,165280;0,112270;0,129130;0,1322245;0,1502272;0,1042955;0,1466181;0,1226051;0,1725815;0,0965911;0,1517047;0,303760;0,346660;0,289300;0,235822;0,228140;0,300669;0,289300;0,198380;0,251470;0,272110;0,256875;0,180401;0,212986;0,149577;0,166197;0,225563;0,203007;0,155931;0,198392;;;;
94; ;0,857140;0,145689;0,151422;0,162079;0,168290;0,261943;0,292118;0,221962;0,227186;0,257150;0,180008;0,161834;0,198219;0,178537;0,157950;0,180930;0,128000;0,141600;0,1462507;0,1624412;0,1150503;0,1585720;0,1349130;0,1882814;0,1069793;0,1672363;0,332490;0,371000;0,316660;0,254438;0,245770;0,330696;0,316660;0,213710;0,274900;0,295900;0,279802;0,197349;0,226535;0,165103;0,183448;0,242116;0,217904;0,170677;0,215700;;;;
95; ;1,000000;0,156846;0,162179;0,174492;0,180245;0,288153;0,316834;0,237316;0,243947;0,283840;0,193795;0,174228;0,212291;0,191214;0,179980;0,198080;0,146410;0,155270;0,1626539;0,1756482;0,1264029;0,1737468;0,1485021;0,2053001;0,1185797;0,1844050;0,368800;0,396210;0,351240;0,275822;0,265930;0,370645;0,351240;0,231240;0,303030;0,329960;0,308840;0,216129;0,241164;0,182419;0,202688;0,260096;0,234086;0,186213;0,233606;;;;
96; ;;0,167841;0,173279;0,186647;0,192565;0,316391;0,343122;0,253487;0,261659;0,311570;0,207411;0,186535;0,227346;0,204721;0,205940;0,216860;0,168350;0,170270;0,1810076;0,1899291;0,1371851;0,1895589;0,1635040;0,2237457;0,1315729;0,2033740;0,420590;0,447190;0,400560;0,300669;0,289300;0,433488;0,400560;0,251470;0,343360;0,384550;0,351790;0,236970;0,256204;0,201757;0,224174;0,276040;0,248436;0,202538;0,251510;;;;
97; ;;0,178563;0,184706;0,198403;0,205229;0,346674;0,370973;0,271569;0,280342;0,340210;0,220718;0,198646;0,243467;0,219120;0,230150;0,237420;0,186720;0,186720;0,1999287;0,2053710;0,147791;0,2053710;0,1800885;0,2436991;0,1460985;0,2243683;0,512840;0,548260;0,488420;0,330696;0,316660;0,549249;0,488420;0,274900;0,409790;0,480200;0,428480;0,258059;0,272480;0,222044;0,246715;0,293282;0,263954;0,219655;0,268815;;;;
98; ;;0,189604;0,196946;0,210337;0,218683;0,378986;0,400352;0,293138;0,300015;0,369770;0,234236;0,211102;0,260903;0,234735;0,251940;0,259940;0,204770;0,204770;0,2191843;0,2220684;0,1592878;0,2220684;0,1984234;0,2652549;0,1624089;0,2475890;0,701560;0,724670;0,668150;0,370645;0,351240;0,750796;0,668150;0,303030;0,522620;0,657980;0,562250;0,280237;0,290163;0,243899;0,270999;0,312003;0,280803;0,237713;0,285277;;;;
99; ;;0,201557;0,210484;0,223027;0,233371;0,413266;0,431199;0,318434;0,320696;0,400190;0,248485;0,224445;0,279903;0,251889;0,279120;0,284600;0,224570;0,224570;0,2407379;0,2401233;0,1717446;0,2401233;0,2187141;0,2885438;0,1807178;0,2732774;1,000000;1,000000;1,000000;0,433488;0,400560;1,000000;1,000000;0,343360;0,708550;1,000000;0,752840;0,304679;0,309125;0,268185;0,297983;0,332393;0,299154;0,256712;0,301298;;;;
100; ;;0,215013;0,225806;0,237051;0,249741;0,449400;0,463415;0,347873;0,342402;0,431410;0,263985;0,239215;0,300716;0,270906;0,310720;0,311610;0,246280;0,246280;0,2596462;0,2596462;0,1817103;0,2596462;0,2411832;0,3135964;0,2013792;0,3016858;;;;0,549249;0,488420;;;0,409790;1,000000;;0,752840;0,331630;0,329825;0,295187;0,327986;0,354650;0,319185;0,276427;0,317238;;;;
101; ;;0,230565;0,243398;0,252985;0,268237;0,487216;0,496870;0,382434;0,365150;0,463310;0,281255;0,255953;0,323592;0,292111;0,341180;0,341180;0,270100;0,270100;0,2807563;0,2807563;0,1981795;0,2807563;0,2660655;0,3405239;0,2246879;0,3331452;;;;0,750796;0,668150;;;0,522620;;;0,752840;0,361361;0,352455;0,325225;0,361361;0,378984;0,341086;0,296629;0,333461;;;;
102; ;;0,248805;0,263745;0,271406;0,289305;0,526477;0,531389;0,422810;0,388956;0,495760;0,300815;0,275201;0,348780;0,315826;0,373570;0,373570;0,296220;0,296220;0,3035828;0,3035828;0,2190084;0,3035828;0,2936315;0,3693668;0,2510417;0,3678627;;;;1,000000;1,000000;;;0,708550;;;0,752840;0,394167;0,377220;0,358897;0,398774;0,405613;0,365052;0,317093;0,350330;;;;
103; ;;0,270326;0,287334;0,292893;0,313391;0,566872;0,566757;0,524040;0,439806;0,561690;0,323185;0,297500;0,376529;0,342377;0,409040;0,409040;0,324880;0,324880;0,3282651;0,3282651;0,2420264;0,3282651;0,3241674;0,4062675;0,2809525;0,4062675;;;;;;;;1,000000;;;0,752840;0,430366;0,406205;0,395843;0,439825;0,436780;0,393102;0,338505;0,368542;;;;
104; ;;0,295719;0,314649;0,318023;0,340940;0,608017;0,602714;0,591116;0,466881;0,594880;0,348885;0,323390;0,407088;0,372086;0,447880;0,447880;0,356320;0,356320;0,3549543;0,3549543;0,2674637;0,3549543;0,3579789;0,4486314;0,3150074;0,4486314;;;;;;;;;;;0,752840;0,471522;0,441497;0,438360;0,487067;0,474728;0,427255;0,361016;0,387855;;;;
105; ;;0,325576;0,346177;0,347373;0,372398;0,649459;0,638956;0,670358;0,495076;0,628020;0,378434;0,353414;0,440707;0,405278;0,490420;0,490420;0,390800;0,390800;0,3838133;0,3838133;0,2955744;0,3838133;0,3954921;0,4951993;0,3538939;0,4951993;;;;;;;;;;;0,752840;0,519196;0,485182;0,487816;0,542018;0,521701;0,469531;0,383597;0,407224;;;;
106; ;;0,360491;0,382403;0,381520;0,408210;0,690674;0,675143;0,775525;0,524406;0,660950;0,412352;0,388111;0,477634;0,442277;0,537000;0,537000;0,428620;0,428620;0,4150187;0,4150187;0,3266396;0,4150187;0,4369782;0,5461625;0,3984033;0,5461625;;;;;;;;;;;0,752840;0,574950;0,539343;0,545886;0,606540;0,579939;0,521945;0,405217;0,425599;;;;
107; ;;0,401054;0,423813;0,421042;0,448823;0,731092;0,710898;0,833333;0,554886;0,693500;0,451160;0,428023;0,518120;0,483406;0,588010;0,588010;0,470110;0,470110;0,4487611;0,4487611;0,3609698;0,4487611;0,4828689;0,6016906;0,4494033;0,6016906;;;;;;;;;;;0,752840;0,640345;0,606069;0,614309;0,682566;0,651687;0,586518;0,424846;0,441935;;;;
108; ;;0,447860;0,470893;0,466516;0,494681;0,770105;0,745822;1,000000;0,587554;0,725520;0,495376;0,473692;0,562412;0,528989;0,643870;0,643870;0,515620;0,515620;0,485247;0,4852470;0,3989082;0,4852470;0,5333966;0,6615650;0,5079350;0,6615650;;;;;;;;;;;0,752840;0,716944;0,687444;0,694885;0,772094;0,739187;0,665268;0,444368;0,457553;;;;
109; ;;0,501498;0,524128;0,518520;0,546231;1,000000;1,000000;;0,624586; ;0,545521;0,525658;0,610761;0,579351;0,705050;0,705050;0,565530;0,565530;0,5246993;0,5246993;0,4408339;0,5246993;0,5887703;0,7250264;0,5750131;0,7250264;;;;;;;;;;;1,000000;0,806309;0,785555;0,789474;0,877193;0,844683;0,760215;0,464469;0,473150;;;;
110; ;;0,562563;0,584004;0,577631;0,603917;;;;0,670361; ;0,602115;0,584462;0,663417;0,634814;0,772040;0,772040;0,620290;0,620290;0,5673592;0,5673592;0,4871661;0,5673592;0,6513276;0,7905941;0,6513276;0,7905941;;;;;;;;;;;;1,000000;1,000000;1,000000;1,000000;1,000000;1,000000;0,482325;0,486745;;;;
111; ;;0,631645;0,651007;0,644427;0,668186;;;;0,733619; ;0,665676;0,650646;0,720626;0,695704;0,845400;0,845400;0,680350;0,680350;0,6134875;0,6134875;0,5383679;0,6134875;0,7366779;0,8556360;0,7366779;0,8556360;;;;;;;;;;;;;;;;;;0,495110;0,496356;;;;
112; ;;0,709338;0,725622;0,719484;0,739483;;;;0,831839; ;0,736725;0,724750;0,782640;0,762343;0,925750;0,925750;0,746230;0,746230;0,6633662;0,6633662;0,594951;0,6633662;0,8282023;0,9153524;0,8282023;0,9153524;;;;;;;;;;;;;;;;;;0,500000;0,500000;;;;
113; ;;0,796233;0,808336;0,803380;0,818254;;;;1,000000; ;0,815782;0,807316;0,849708;0,835056;1,000000;1,000000;0,818490;0,818490;0,7173002;0,7173002;0,657481;0,7173002;0,9165748;0,9629801;0,9165748;0,9629801;;;;;;;;;;;;;;;;;;0,500000;0,500000;;;;
114; ;;0,892923;0,899633;0,896693;0,904945;;;; ; ;0,903367;0,898885;0,922077;0,914167;;;0,897760;0,897760;0,7756192;0,7756192;0,7265831;0,7756192;0,9809465;0,9912628;0,9809465;0,9912628;;;;;;;;;;;;;;;;;;0,500000;0,500000;;;;
115; ;;1,000000;1,000000;1,000000;1,000000;;;;;;1,000000;1,000000;1,000000;1,000000;;;0,984710;0,984710;0,8386798;0,8386798;0,8029478;0,8386798;0,9998162;0,9996218;0,9998162;0,9996218;;;;;;;;;;;;;;;;;;0,500000;0,500000;;;;
116;;;;;;;;;;;;;;;;;;1,000000;1,000000;0,9068674;0,9068674;0,8873386;0,9068674;1,0000000;1,0000000;1,0000000;1,0000000;;;;;;;;;;;;;;;;;;0,500000;0,500000;;;;
117;;;;;;;;;;;;;;;;;;;;0,9805989;0,9805989;0,9805989;0,9805989;;1,0000000;;1,0000000;;;;;;;;;;;;;;;;;;0,500000;0,500000;;;;
118;;;;;;;;;;;;;;;;;;;;1,0000000;1,0000000;1,0000000;1,0000000;;;;;;;;;;;;;;;;;;;;;;0,500000;0,500000;;;;
119;;;;;;;;;;;;;;;;;;;;1,0000000;1,0000000;1,0000000;1,0000000;;;;;;;;;;;;;;;;;;;;;;0,500000;0,500000;;;;
120;;;;;;;;;;;;;;;;;;;;;;;;;;;;;;;;;;;;;;;;;;;;;1,000000;1,000000;;;;
121;;;;;;;;;;;;;;;;;;;;;;;;;;;;;;;;;;;;;;;;;;;;;;;;;;
122;;;;;;;;;;;;;;;;;;;;;;;;;;;;;;;;;;;;;;;;;;;;;;;;;;
123;;;;;;;;;;;;;;;;;;;;;;;;;;;;;;;;;;;;;;;;;;;;;;;;;;
124;;;;;;;;;;;;;;;;;;;;;;;;;;;;;;;;;;;;;;;;;;;;;;;;;;
125;;;;;;;;;;;;;;;;;;;;;;;;;;;;;;;;;;;;;;;;;;;;;;;;;;
126;;;;;;;;;;;;;;;;;;;;;;;;;;;;;;;;;;;;;;;;;;;;;;;;;;
